split,precision,recall,mAP@0.5,mAP@0.5:0.95
valid,0.9486803579818988,0.9930401463105978,0.9949999999999999,0.8950423615600086
test,0.921576240504953,1.0,0.9949999999999999,0.8999023809523808
