split,precision,recall,mAP@0.5,mAP@0.5:0.95
valid,0.7879994053262331,0.8,0.9686,0.7632300000000001
test,0.6473804039311515,0.6607146518666844,0.8855000000000001,0.6235021658986176
